033317885,http://www.degruyter.com/view/product/430044
033317886,http://www.degruyter.com/view/product/430018
033317887,http://www.degruyter.com/view/product/430006
033317888,http://www.degruyter.com/view/product/430029
033317889,http://www.degruyter.com/view/product/430022
033317890,http://www.degruyter.com/view/product/430040
033317891,http://www.degruyter.com/view/product/430043
033317892,http://www.degruyter.com/view/product/430021
033317893,http://www.degruyter.com/view/product/430026
033317894,http://www.degruyter.com/view/product/430601
033317895,http://www.degruyter.com/view/product/430027
033317896,http://www.degruyter.com/view/product/430036
033317897,http://www.degruyter.com/view/product/430024
033317898,http://www.degruyter.com/view/product/430003
033317899,http://www.degruyter.com/view/product/430023
033317900,http://www.degruyter.com/view/product/430042
033317901,http://www.degruyter.com/view/product/430011
033317902,http://www.degruyter.com/view/product/429990
033317903,http://www.degruyter.com/view/product/430046
033317904,http://www.degruyter.com/view/product/430598
033317905,http://www.degruyter.com/view/product/457851
033317906,http://www.degruyter.com/view/product/457841
033317907,http://www.degruyter.com/view/product/457845
033317908,http://www.degruyter.com/view/product/457853
033317909,http://www.degruyter.com/view/product/457848
033317910,http://www.degruyter.com/view/product/457856
033317911,http://www.degruyter.com/view/product/457842
033317912,http://www.degruyter.com/view/product/457852
033317913,http://www.degruyter.com/view/product/430045
033317914,http://www.degruyter.com/view/product/457846
033317915,http://www.degruyter.com/view/product/430005
033317916,http://www.degruyter.com/view/product/430595
033317917,http://www.degruyter.com/view/product/430038
033317918,http://www.degruyter.com/view/product/430014
033317919,http://www.degruyter.com/view/product/430603
033317920,http://www.degruyter.com/view/product/429995
033317921,http://www.degruyter.com/view/product/457840
033317922,http://www.degruyter.com/view/product/430028
033317923,http://www.degruyter.com/view/product/457854
033317924,http://www.degruyter.com/view/product/457847
033317925,http://www.degruyter.com/view/product/457858
033317926,http://www.degruyter.com/view/product/457849
033317927,http://www.degruyter.com/view/product/457850
033317928,http://www.degruyter.com/view/product/430017
033317929,http://www.degruyter.com/view/product/457843
033317930,http://www.degruyter.com/view/product/457855
033317931,http://www.degruyter.com/view/product/429993
033317932,http://www.degruyter.com/view/product/430001
033317933,http://www.degruyter.com/view/product/430020
033317934,http://www.degruyter.com/view/product/457844
033317935,http://www.degruyter.com/view/product/457857
033317936,http://www.degruyter.com/view/product/430004
